Timestamp,PM2.5 (µg/m³),PM10 (µg/m³),NO (µg/m³),NO2 (µg/m³),NOx (ppb),NH3 (µg/m³),SO2 (µg/m³),CO (mg/m³),Ozone (µg/m³),Benzene (µg/m³),Toluene (µg/m³),Xylene (µg/m³),O Xylene (µg/m³),Eth-Benzene (µg/m³),MP-Xylene (µg/m³),AT (°C),RH (%),WS (m/s),WD (deg),RF (mm),TOT-RF (mm),SR (W/mt2),BP (mmHg),VWS (m/s)
2024-01-01,35.8,55.21,18.83,36.47,55.33,28.31,9.56,4.82,26.93,0.39,1.01,,,0.39,0.39,,76.0,1.26,215.18,,,26.19,758.96,-0.5
2024-01-02,50.26,87.14,28.18,41.61,69.82,28.07,12.99,3.24,26.0,0.55,0.81,,,0.37,0.36,,77.87,1.2,206.15,,,28.91,758.36,-0.51
2024-01-03,95.36,182.53,27.45,37.12,64.59,27.62,21.87,2.63,24.38,0.42,1.03,,,0.39,0.34,,81.88,1.21,206.65,,,22.29,757.82,-0.51
2024-01-04,91.88,174.43,33.97,49.22,83.22,29.66,21.91,3.22,19.17,0.44,0.99,,,0.38,0.4,,89.19,1.26,197.15,,,21.51,757.83,-0.51
2024-01-05,41.19,80.9,24.5,41.02,65.54,30.11,21.19,2.64,19.36,0.49,0.93,,,0.46,0.39,,87.05,1.3,211.94,,,22.37,757.72,-0.5
2024-01-06,40.81,80.26,16.35,34.75,51.03,24.22,24.26,6.4,19.59,0.4,0.92,,,0.45,0.35,,87.82,1.29,231.38,,,20.38,757.74,-0.5
2024-01-07,51.8,98.59,22.77,40.68,63.48,24.6,21.48,3.0,18.71,0.5,0.9,,,0.42,0.33,,97.75,1.28,217.49,,,16.25,758.34,-0.5
2024-01-08,45.54,88.15,68.33,105.38,135.8,35.91,22.58,4.21,18.47,0.52,0.97,,,0.56,0.42,,95.97,1.25,219.03,,,11.98,758.6,-0.51
2024-01-09,46.44,89.65,18.3,38.6,56.92,24.8,22.24,3.84,24.8,0.54,0.95,,,0.44,0.41,,84.79,1.24,242.05,,,28.37,758.7,-0.5
2024-01-10,67.53,124.8,24.56,42.18,66.78,25.74,22.56,3.16,21.78,0.47,0.89,,,0.47,0.41,,81.29,1.12,231.38,,,30.15,758.44,-0.51
2024-01-11,51.64,98.5,35.65,55.92,91.6,28.65,22.87,2.77,22.32,0.44,1.01,,,0.46,0.36,,80.25,1.25,223.06,,,28.77,758.87,-0.51
2024-01-12,62.11,115.77,24.9,39.19,64.12,26.18,23.23,2.84,21.18,0.56,1.04,,,0.5,0.39,,83.97,1.15,207.93,,,35.15,758.81,-0.51
2024-01-13,66.93,123.79,22.96,35.29,58.16,29.76,23.81,2.53,22.58,0.45,0.93,,,0.38,0.41,,88.45,1.14,213.73,,,36.27,758.98,-0.51
2024-01-14,72.97,133.87,29.93,41.92,71.88,34.0,27.3,1.95,23.95,0.7,0.78,,,0.39,0.39,,82.85,1.26,197.04,,,34.06,758.55,-0.51
2024-01-15,56.07,105.69,22.84,29.22,52.08,27.8,22.27,0.19,20.51,0.52,0.86,,,0.35,0.38,,85.2,1.19,183.32,,,38.13,758.3,-0.51
2024-01-16,54.28,102.76,26.77,30.28,57.07,25.63,21.05,1.59,21.59,0.65,0.91,,,0.39,0.31,,77.27,1.19,189.08,,,36.52,757.64,-0.51
2024-01-17,55.75,105.17,29.37,34.48,63.86,24.9,20.93,0.24,20.86,0.56,0.85,,,0.37,0.38,,78.8,1.19,182.18,,,39.54,757.28,-0.51
2024-01-18,55.85,105.35,26.09,30.42,56.54,24.45,20.84,0.27,20.12,0.62,0.68,,,0.4,0.38,,83.57,1.15,198.6,,,33.91,757.57,-0.51
2024-01-19,51.1,97.42,33.59,39.36,72.97,26.3,20.89,2.53,19.33,0.58,0.94,,,0.44,0.4,,84.42,1.15,212.69,,,36.12,757.78,-0.51
2024-01-20,52.65,100.01,22.66,28.26,50.94,24.13,21.02,0.73,19.66,0.44,0.85,,,0.43,0.34,,81.87,1.12,206.1,,,35.78,758.54,-0.51
2024-01-21,51.43,97.97,28.17,29.81,48.36,24.92,20.86,2.47,18.95,0.54,1.03,,,0.52,0.34,,77.76,1.22,181.64,,,41.09,758.58,-0.51
2024-01-22,81.7,148.42,41.43,44.36,86.62,33.32,16.66,1.52,16.97,0.43,0.9,,,0.41,0.38,,81.25,1.2,176.59,,,38.82,759.29,-0.51
2024-01-23,161.91,282.45,49.42,40.73,90.19,49.64,2.23,1.25,3.08,0.41,0.96,,,0.43,0.34,,81.11,1.27,155.21,,,36.18,758.96,-0.51
2024-01-24,167.13,290.8,46.79,34.44,81.26,47.8,1.15,1.25,3.0,0.46,1.01,,,0.44,0.37,,78.79,1.47,37.21,,,40.5,758.49,-0.5
2024-01-25,170.9,297.09,31.47,23.17,54.65,40.12,1.0,1.25,2.23,0.49,1.09,,,0.49,0.42,,78.13,1.24,103.56,,,37.29,759.23,-0.5
2024-01-26,163.19,284.23,34.86,26.77,61.64,40.11,0.87,1.25,2.43,0.55,0.96,,,0.44,0.38,,80.21,1.22,208.26,,,31.37,760.66,-0.51
2024-01-27,133.68,235.3,26.49,26.27,52.79,35.51,0.76,1.25,2.81,0.5,1.06,,,0.47,0.35,,76.69,1.23,232.22,,,32.98,760.44,-0.5
2024-01-28,117.01,207.27,16.07,19.89,35.98,30.82,0.52,1.25,1.96,0.44,0.9,,,0.46,0.38,,73.99,1.05,256.41,,,30.71,760.15,-0.51
2024-01-29,153.87,268.7,27.32,40.26,67.62,37.18,0.93,1.25,3.32,0.58,0.95,,,0.49,0.43,,64.84,1.24,237.04,,,35.02,759.97,-0.5
2024-01-30,155.59,271.56,28.6,31.08,59.62,34.95,0.71,1.25,3.71,0.47,1.01,,,0.46,0.4,,74.08,1.22,209.96,,,38.59,759.23,-0.51
2024-01-31,126.07,222.36,25.29,22.83,48.14,30.98,0.58,1.25,3.78,0.53,1.04,,,0.43,0.43,,82.63,1.08,199.46,,,40.99,758.98,-0.51
2024-02-01,76.17,139.22,12.87,13.05,25.92,25.71,0.54,1.25,3.4,0.42,0.81,,,0.43,0.38,,88.8,1.1,167.53,,,29.31,758.82,-0.51
2024-02-02,86.01,155.6,13.2,14.06,27.27,27.56,0.53,1.25,3.85,0.47,0.94,,,0.41,0.37,,84.69,1.17,159.24,,,35.85,758.47,-0.5
2024-02-03,95.65,171.68,18.21,16.16,34.38,29.41,0.5,1.25,3.62,0.58,0.99,,,0.45,0.41,,80.51,1.05,230.45,,,42.99,759.21,-0.51
2024-02-04,96.54,173.15,28.52,22.01,50.55,32.51,0.68,1.25,4.1,0.54,0.86,,,0.39,0.37,,79.1,1.1,228.58,,,40.21,760.41,-0.51
2024-02-05,102.5,188.05,25.18,21.01,46.21,32.4,0.72,1.25,4.04,0.55,0.96,,,0.38,0.33,,78.47,1.15,230.16,,,44.71,760.51,-0.51
2024-02-06,71.98,156.21,24.88,24.97,49.87,33.9,3.13,1.25,4.24,0.59,1.08,,,0.43,0.38,,80.68,1.14,211.82,,,48.58,760.18,-0.51
2024-02-07,88.4,189.04,36.44,31.46,68.76,38.88,3.04,1.25,4.28,0.65,0.98,,,0.46,0.37,,77.55,1.19,204.22,,,52.08,759.66,-0.51
2024-02-08,75.65,163.55,25.54,21.17,46.72,31.85,3.54,1.25,3.89,0.57,0.95,,,0.4,0.37,,83.6,1.19,193.01,,,48.68,758.87,-0.51
2024-02-09,78.9,170.05,35.27,29.58,60.42,37.98,3.3,1.25,3.56,0.48,1.0,,,0.43,0.35,,82.67,1.07,206.84,,,42.74,759.5,-0.51
2024-02-10,80.67,173.59,22.02,24.67,46.72,34.64,2.31,1.25,4.52,0.54,0.99,,,0.4,0.43,,77.76,1.09,237.5,,,47.65,760.27,-0.51
2024-02-11,69.21,150.67,18.65,18.88,37.56,30.83,2.66,1.25,7.85,0.58,0.95,,,0.39,0.31,,73.76,1.11,232.55,,,45.21,760.81,-0.51
2024-02-12,64.09,140.42,31.78,25.47,56.57,33.44,3.31,1.25,6.45,0.5,0.86,,,0.48,0.29,,74.07,1.14,233.59,,,51.79,760.51,-0.51
2024-02-13,58.67,129.59,20.04,24.23,44.29,29.38,3.45,1.25,5.48,0.63,0.95,,,0.41,0.39,,78.68,1.25,232.31,,,43.04,759.9,-0.5
2024-02-14,53.12,118.38,19.03,22.89,41.94,28.75,3.2,1.25,6.37,0.58,0.93,,,0.41,0.31,,75.39,1.21,240.23,,,45.39,759.24,-0.51
2024-02-15,68.42,149.08,21.53,22.1,43.66,29.72,3.45,1.25,5.96,0.64,0.87,,,0.41,0.35,,75.07,1.17,232.55,,,45.27,759.33,-0.51
2024-02-16,70.83,153.91,26.09,30.52,56.64,32.83,3.02,1.25,5.37,0.48,0.86,,,0.44,0.33,,73.1,1.22,218.74,,,50.56,759.36,-0.5
2024-02-17,62.92,138.09,26.45,25.62,50.92,30.85,3.66,1.25,4.04,0.57,0.8,,,0.41,0.32,,75.14,1.22,231.67,,,51.44,758.47,-0.51
2024-02-18,64.56,141.36,21.75,18.28,40.05,29.64,3.34,1.25,6.57,0.55,0.99,,,0.44,0.39,,79.06,1.04,215.79,,,60.29,758.0,-0.51
2024-02-19,67.44,147.12,21.19,19.37,40.57,30.29,3.06,1.25,4.15,0.55,0.91,,,0.46,0.36,,76.51,1.34,97.62,,,55.45,758.13,-0.5
2024-02-20,71.99,156.32,18.38,16.35,34.82,30.66,3.43,1.25,4.66,0.51,0.97,,,0.41,0.37,,79.46,1.39,68.24,,,58.07,757.76,-0.5
2024-02-21,73.13,158.5,25.12,21.47,46.61,33.16,3.34,1.25,4.06,0.58,0.88,,,0.38,0.37,,79.76,1.5,56.51,,,53.41,756.64,-0.5
2024-02-22,61.97,136.2,16.27,15.97,32.26,30.05,2.44,1.25,3.77,0.47,0.85,,,0.43,0.34,,81.97,1.5,50.06,,,50.35,756.42,-0.49
2024-02-23,58.13,128.52,16.3,15.62,31.93,30.29,3.4,1.25,4.75,0.48,1.07,,,0.48,0.34,,83.97,1.55,47.19,,,55.2,756.12,-0.49
2024-02-24,55.21,122.66,22.34,19.25,41.61,34.22,2.38,1.25,4.47,0.53,0.96,,,0.35,0.35,,80.53,1.48,28.5,,,51.75,756.56,-0.49
2024-02-25,48.67,109.59,18.87,17.64,36.53,33.47,2.31,1.25,4.22,0.59,0.93,,,0.36,0.44,,71.83,1.11,132.06,,,57.66,756.64,-0.5
2024-02-26,39.22,90.69,16.58,16.63,33.23,33.44,5.55,1.25,4.9,0.53,0.88,,,0.46,0.39,,76.02,1.06,256.58,,,60.09,757.43,-0.5
2024-02-27,21.96,56.16,23.95,28.26,52.23,35.24,9.11,1.25,4.72,0.41,0.96,,,0.44,0.33,,75.14,1.14,249.57,,,67.98,757.78,-0.5
2024-02-28,21.78,55.77,15.44,16.32,31.72,28.81,7.34,1.25,4.34,0.52,1.09,,,0.45,0.35,,76.34,1.17,241.51,,,81.56,757.12,-0.5
2024-02-29,24.84,61.93,24.01,21.16,45.19,31.93,7.68,1.25,4.2,0.52,0.9,,,0.51,0.33,,76.0,1.05,223.56,,,87.23,757.34,-0.51
2024-03-01,58.11,128.47,12.2,18.36,30.55,39.36,7.58,1.24,4.37,0.54,0.98,,,0.45,0.4,,75.91,1.11,218.06,,,82.2,758.05,-0.51
2024-03-02,85.49,162.73,18.62,15.34,33.97,34.6,13.59,1.13,8.95,0.49,0.7,,,0.43,0.35,,81.28,1.22,107.79,,,66.24,757.77,-0.5
2024-03-03,66.17,110.29,5.44,12.47,17.84,18.35,3.88,1.63,5.42,0.46,0.81,,,0.42,0.47,,71.25,1.36,113.93,,,65.53,757.07,-0.5
2024-03-04,52.04,86.73,7.22,14.32,20.88,20.39,6.92,1.61,5.67,0.45,0.84,,,0.37,0.33,,74.85,1.19,122.56,,,68.47,757.08,-0.5
2024-03-05,36.29,60.49,3.95,16.07,20.02,26.88,5.97,1.68,6.06,0.43,0.85,,,0.4,0.41,,76.18,1.13,157.34,,,70.13,757.03,-0.5
2024-03-06,27.86,46.43,11.73,20.16,31.91,35.32,5.47,1.82,5.29,0.44,0.83,,,0.36,0.29,,77.37,1.32,105.24,,,65.7,756.99,-0.5
2024-03-07,28.9,48.17,10.71,20.72,31.43,47.78,5.96,2.02,5.42,0.45,0.89,,,0.4,0.3,,74.49,1.41,98.34,,,68.93,756.2,-0.5
2024-03-08,26.7,44.5,4.32,13.12,17.44,51.3,5.78,1.68,5.3,0.9,1.38,,,0.74,0.73,,77.62,1.49,52.24,,,71.06,756.35,-0.49
2024-03-09,23.0,38.32,5.69,14.12,19.83,47.3,4.46,1.68,6.13,1.0,1.5,,,0.8,0.8,,80.16,1.21,141.14,,,66.78,756.56,-0.5
2024-03-10,25.01,41.69,8.92,16.9,24.98,47.81,3.93,1.83,5.85,1.0,1.5,,,0.8,0.8,,73.88,1.12,167.86,,,63.32,757.99,-0.5
2024-03-11,23.04,38.4,4.69,13.3,18.0,39.82,5.45,1.7,7.51,1.0,1.5,,,0.8,0.8,,73.8,1.28,118.81,,,58.47,758.69,-0.5
2024-03-12,24.39,40.65,9.94,16.91,26.85,35.98,5.38,1.35,6.9,1.0,1.5,,,0.8,0.8,,77.05,1.47,61.39,,,62.25,758.02,-0.49
2024-03-13,31.87,53.11,1.95,9.28,11.06,25.22,3.46,1.82,6.87,1.0,1.5,,,0.8,0.8,,76.7,1.49,62.51,,,62.93,756.89,-0.49
2024-03-14,67.02,111.53,1.0,5.56,6.44,22.8,2.41,1.93,6.97,1.0,1.5,,,0.8,0.8,,77.68,1.49,67.81,,,58.54,756.7,-0.49
2024-03-15,59.11,98.52,1.68,5.04,6.29,26.29,2.64,2.09,6.04,1.0,1.5,,,0.8,0.8,,73.9,1.53,48.49,,,54.3,756.29,-0.49
2024-03-16,49.98,83.3,0.86,4.06,4.39,31.7,2.76,2.06,6.04,1.0,1.5,,,0.8,0.8,,80.02,1.52,52.39,,,49.2,756.72,-0.49
2024-03-17,37.51,62.51,2.59,4.57,6.22,24.43,2.63,1.86,5.35,1.0,1.5,,,0.8,0.8,,75.21,1.39,90.32,,,49.06,757.05,-0.5
2024-03-18,45.45,75.75,2.57,5.24,7.35,22.08,2.03,2.02,5.56,1.0,1.5,,,0.8,0.8,,76.47,1.4,104.8,,,49.56,756.69,-0.5
2024-03-19,47.79,79.61,2.88,6.36,8.89,24.03,2.19,1.96,5.79,1.0,1.5,,,0.8,0.8,,77.44,1.36,63.81,,,51.08,756.29,-0.5
2024-03-20,41.64,69.4,1.97,6.97,8.66,29.24,3.13,2.0,6.38,1.0,1.5,,,0.8,0.8,,74.42,1.15,167.55,,,56.56,756.42,-0.5
2024-03-21,55.7,92.83,2.37,6.5,8.65,19.22,1.8,1.66,6.36,1.0,1.5,,,0.8,0.8,,75.0,0.88,276.94,,,56.43,756.43,-0.51
2024-03-22,64.15,106.91,2.32,6.86,7.83,38.59,2.24,1.84,5.86,1.0,1.5,,,0.8,0.8,,75.72,1.03,187.74,,,53.81,755.1,-0.5
2024-03-23,58.81,98.08,2.22,6.75,8.42,24.71,2.93,1.8,5.79,1.0,1.5,,,0.8,0.8,,74.95,1.42,79.15,,,54.36,755.03,-0.49
2024-03-24,45.02,75.03,2.25,7.48,9.6,15.95,3.14,1.74,5.71,1.0,1.5,,,0.8,0.8,,76.83,1.31,93.93,,,55.81,756.49,-0.5
2024-03-25,40.32,67.19,4.84,8.35,12.35,40.73,4.19,1.73,6.61,1.0,1.5,,,0.8,0.8,,75.15,1.13,211.06,,,56.29,756.67,-0.51
2024-03-26,33.92,56.53,1.53,8.09,9.58,8.34,5.01,1.92,5.71,1.0,1.5,,,0.8,0.8,,69.53,1.22,157.64,,,67.68,757.12,-0.5
2024-03-27,31.84,53.07,2.56,6.58,9.03,15.41,4.56,1.83,6.0,1.0,1.5,,,0.8,0.8,,74.72,1.29,120.48,,,77.49,757.98,-0.5
2024-03-28,29.85,49.74,2.46,5.11,7.37,18.88,6.19,1.92,5.77,1.0,1.5,,,0.8,0.8,,78.86,1.29,101.73,,,70.55,756.4,-0.49
2024-03-29,27.63,46.05,1.36,3.97,4.75,20.37,6.58,1.75,5.74,1.0,1.5,,,0.8,0.8,,79.42,1.52,59.56,,,77.32,755.71,-0.49
2024-03-30,28.35,47.32,2.86,4.57,6.81,16.67,5.93,1.65,5.62,1.0,1.5,,,0.8,0.8,,73.21,1.61,53.08,,,79.18,756.43,-0.49
2024-03-31,25.35,41.97,2.43,12.9,15.22,30.81,5.28,1.97,5.69,1.0,1.5,,,0.8,0.8,,78.76,1.48,65.62,,,75.15,757.1,-0.49
2024-04-01,25.61,42.68,3.45,5.9,7.9,63.62,7.03,1.73,5.11,1.0,1.5,,,0.8,0.8,,78.83,1.46,70.22,,,81.29,755.1,-0.49
2024-04-02,25.06,41.78,2.4,4.91,5.9,45.87,5.28,1.89,4.88,1.0,1.5,,,0.8,0.8,,78.85,1.6,58.3,,,76.65,753.75,-0.49
2024-04-03,27.58,45.97,2.73,6.1,8.62,24.48,5.19,1.9,4.89,1.0,1.5,,,0.8,0.8,,76.57,1.68,61.53,,,86.63,754.26,-0.48
2024-04-04,25.6,42.25,3.86,8.53,11.85,23.69,5.04,2.31,7.37,1.0,1.5,,,0.8,0.8,,81.26,1.58,55.58,,,82.74,754.4,-0.49
2024-04-05,25.22,42.03,2.92,5.43,8.36,15.59,5.61,1.85,5.2,1.0,1.5,,,0.8,0.8,,81.08,1.55,61.42,,,81.13,754.1,-0.49
2024-04-06,24.43,40.72,2.7,5.3,8.0,13.47,4.77,1.51,5.97,1.0,1.5,,,0.8,0.8,,73.49,1.58,65.96,,,83.66,753.03,-0.49
2024-04-07,27.01,45.01,2.72,5.43,8.16,16.2,4.67,1.72,5.59,1.0,1.5,,,0.8,0.8,,76.61,1.57,60.32,,,90.32,752.88,-0.49
2024-04-08,28.88,48.13,2.23,4.74,6.97,17.73,3.96,1.72,5.5,1.0,1.5,,,0.8,0.8,,79.81,1.45,89.04,,,87.36,754.2,-0.49
2024-04-09,22.73,37.87,4.0,5.65,8.96,32.89,4.63,1.87,6.72,1.0,1.5,,,0.8,0.8,,73.66,1.14,212.91,,,90.21,755.18,-0.5
2024-04-10,27.87,46.45,4.45,6.31,10.76,29.07,4.97,1.91,6.39,1.0,1.5,,,0.8,0.8,,76.86,1.11,231.65,,,89.06,755.13,-0.5
2024-04-11,22.1,36.84,4.64,6.54,11.18,14.78,5.12,1.73,6.28,1.0,1.5,,,0.8,0.8,,73.36,1.01,242.72,,,96.08,755.4,-0.5
2024-04-12,24.21,40.35,3.71,6.43,10.1,12.9,4.22,1.76,6.57,1.0,1.5,,,0.8,0.8,,75.14,0.93,239.2,,,101.95,755.36,-0.5
2024-04-13,23.35,38.92,3.53,7.9,11.43,31.93,3.94,1.88,7.35,1.0,1.5,,,0.8,0.8,,74.85,1.17,184.1,,,100.34,755.27,-0.5
2024-04-14,22.03,36.68,3.33,6.16,9.3,8.47,3.56,1.74,10.16,1.0,1.5,,,0.8,0.8,,73.33,1.09,243.16,,,102.86,755.54,-0.51
2024-04-15,20.37,33.96,2.74,6.39,9.14,9.88,2.68,1.57,6.34,1.0,1.5,,,0.8,0.8,,75.07,1.26,148.62,,,101.7,755.93,-0.5
2024-04-16,21.2,35.34,3.15,6.1,8.98,13.97,2.78,1.59,6.19,1.0,1.5,,,0.8,0.8,,71.66,1.56,69.17,,,101.45,754.94,-0.49
2024-04-17,25.01,41.69,3.31,13.12,16.44,5.25,2.67,1.54,5.87,1.0,1.5,,,0.8,0.8,,78.38,1.72,57.06,,,80.06,753.83,-0.48
2024-04-18,26.13,43.56,2.71,6.02,8.72,12.33,2.11,1.74,5.54,1.0,1.5,,,0.8,0.8,,78.54,1.76,60.01,,,81.67,753.0,-0.47
2024-04-19,25.95,43.24,3.51,5.5,9.01,4.74,2.23,1.46,6.06,1.0,1.5,,,0.8,0.8,,81.61,1.77,52.32,,,85.98,751.9,-0.47
2024-04-20,22.98,38.29,2.37,4.87,7.24,7.77,2.03,1.54,6.16,1.0,1.5,,,0.8,0.8,,80.98,1.66,49.13,,,79.32,751.93,-0.48
2024-04-21,23.85,39.74,3.03,5.75,8.78,7.34,2.26,1.76,6.62,1.0,1.5,,,0.8,0.8,,82.19,1.64,46.32,,,92.16,752.57,-0.48
2024-04-22,24.04,40.06,3.38,10.16,13.55,20.08,2.15,1.58,6.37,1.0,1.5,,,0.8,0.8,,78.45,1.64,56.46,,,93.29,753.32,-0.48
2024-04-23,22.69,37.81,4.54,14.71,19.26,46.43,2.42,1.73,6.89,1.0,1.5,,,0.8,0.8,,72.96,1.48,71.95,,,94.4,752.88,-0.49
2024-04-24,25.12,41.86,3.59,10.31,13.9,33.52,2.33,1.44,7.36,1.0,1.5,,,0.8,0.8,,78.09,1.56,59.38,,,91.29,752.56,-0.49
2024-04-25,22.16,36.93,3.14,8.31,11.45,36.55,2.77,1.53,6.92,1.0,1.5,,,0.8,0.8,,79.23,1.56,50.29,,,87.82,752.69,-0.49
2024-04-26,21.54,35.9,3.29,8.17,11.47,37.13,3.07,1.63,10.02,1.0,1.5,,,0.8,0.8,,78.55,1.53,60.79,,,92.13,752.61,-0.49
2024-04-27,21.3,35.5,3.54,8.01,11.54,44.77,3.44,1.67,7.08,1.0,1.5,,,0.8,0.8,,77.38,1.55,56.48,,,93.05,752.9,-0.49
2024-04-28,25.76,43.0,3.67,7.51,10.88,39.15,3.48,1.76,6.06,1.0,1.5,,,0.8,0.8,,79.31,1.62,59.82,,,87.99,753.05,-0.49
2024-04-29,24.93,41.56,3.08,7.13,10.21,32.83,3.07,1.58,6.11,1.0,1.5,,,0.8,0.8,,80.27,1.59,56.13,,,87.43,753.72,-0.48
2024-04-30,25.38,42.29,2.98,7.9,10.89,32.04,3.4,1.65,9.04,1.0,1.5,,,0.8,0.8,,76.57,1.67,55.31,,,92.16,752.53,-0.48
2024-05-01,,,,,,,,,,,,,,,,,,,,,,,,
2024-05-02,27.01,45.02,2.28,7.41,9.13,46.58,2.26,2.19,7.47,1.0,1.5,,,0.8,0.8,,67.57,1.82,41.47,,,134.21,750.27,-0.46
2024-05-03,28.63,47.72,2.44,7.66,10.11,36.07,2.33,1.65,6.29,1.0,1.5,,,0.8,0.8,,75.08,1.78,52.65,,,83.33,751.39,-0.47
2024-05-04,24.9,41.51,2.24,6.76,9.0,36.42,1.96,1.92,6.03,1.0,1.5,,,0.8,0.8,,74.44,1.73,54.29,,,74.7,751.84,-0.47
2024-05-05,21.39,35.66,2.2,6.42,8.62,39.99,2.02,1.88,6.25,1.0,1.5,,,0.8,0.8,,73.45,1.81,50.17,,,74.94,750.92,-0.46
2024-05-06,26.15,43.56,2.14,6.02,8.16,35.71,2.19,1.49,6.52,1.0,1.5,,,0.8,0.8,,82.18,1.71,37.71,,,86.65,751.5,-0.47
2024-05-07,22.49,37.48,2.63,5.13,7.77,38.48,1.78,2.21,7.71,1.0,1.5,,,0.8,0.8,,76.81,1.59,58.89,,,98.38,752.94,-0.48
2024-05-08,23.75,39.58,3.44,4.97,8.41,39.72,2.25,1.89,8.74,1.0,1.5,,,0.8,0.8,,73.36,1.34,111.03,,,99.72,753.81,-0.49
2024-05-09,21.39,35.65,2.92,5.82,8.66,42.06,2.15,1.85,6.1,1.0,1.5,,,0.8,0.8,,79.57,1.27,89.4,,,91.73,753.07,-0.49
2024-05-10,20.31,33.86,3.08,7.09,10.18,34.13,2.11,1.79,8.5,1.0,1.5,,,0.8,0.8,,76.37,1.31,63.08,,,128.78,753.58,-0.49
2024-05-11,20.74,34.57,2.84,7.01,9.86,35.29,2.12,1.62,5.03,1.0,1.5,,,0.8,0.8,,77.1,1.57,45.1,,,135.9,754.19,-0.49
2024-05-12,19.12,31.87,2.37,3.76,6.05,37.8,2.27,1.5,6.57,1.0,1.5,,,0.8,0.8,,75.01,1.48,58.68,,,132.43,754.09,-0.49
2024-05-13,17.21,28.68,3.52,4.46,7.97,34.37,2.34,1.88,6.74,1.0,1.5,,,0.8,0.8,,77.81,1.16,184.41,,,124.57,753.59,-0.5
2024-05-14,15.16,25.27,5.2,9.26,14.28,37.55,2.45,1.67,6.83,1.0,1.5,,,0.8,0.8,,74.38,1.07,216.29,,,106.41,753.39,-0.5
2024-05-15,14.05,23.41,3.39,7.18,10.58,29.13,2.78,1.99,14.48,1.0,1.5,,,0.8,0.8,,76.14,1.19,179.55,,,91.45,753.83,-0.5
2024-05-16,14.17,23.62,6.61,8.92,15.53,43.81,3.55,1.99,9.25,1.0,1.5,,,0.8,0.8,,97.06,1.39,132.52,,,15.54,754.75,-0.5
2024-05-17,13.93,23.21,4.83,5.55,10.38,40.87,3.44,1.76,8.03,1.0,1.5,,,0.8,0.8,,91.81,1.46,90.23,,,45.49,753.64,-0.5
2024-05-18,13.77,22.95,5.37,5.95,10.89,58.23,3.64,2.45,5.02,1.0,1.5,,,0.8,0.8,,80.0,1.08,144.32,,,141.96,752.06,-0.5
2024-05-19,13.81,23.02,4.85,10.71,15.57,51.95,3.21,1.24,5.19,1.0,1.5,,,0.8,0.8,,82.0,1.26,123.79,,,79.31,750.69,-0.5
2024-05-20,13.71,22.85,6.68,11.57,18.27,39.37,4.46,1.24,5.7,1.0,1.5,,,0.8,0.8,,85.42,1.18,160.4,,,99.79,750.4,-0.5
2024-05-21,13.66,22.77,6.98,13.02,20.0,37.85,5.06,1.25,5.72,1.0,1.5,,,0.8,0.8,,85.31,1.25,220.15,,,100.82,750.12,-0.5
2024-05-22,13.64,22.74,6.11,10.83,16.94,31.59,6.23,1.25,6.94,1.0,1.5,,,0.8,0.8,,83.4,1.25,219.2,,,120.28,749.36,-0.51
2024-05-23,13.63,22.72,5.04,10.3,15.34,30.02,5.79,1.25,10.56,1.0,1.5,,,0.8,0.8,,78.6,1.23,143.17,,,117.78,748.53,-0.5
2024-05-24,23.33,38.91,3.57,10.4,13.97,35.78,3.93,1.24,7.58,1.0,1.5,,,0.8,0.8,,75.48,1.47,71.03,,,87.1,747.57,-0.49
2024-05-25,14.87,24.79,3.3,11.26,14.56,33.88,2.86,1.24,10.42,1.0,1.5,,,0.8,0.8,,71.21,1.51,119.3,,,50.01,747.19,-0.49
2024-05-26,13.62,22.7,3.28,10.43,13.71,31.41,3.2,1.24,8.11,1.0,1.5,,,0.8,0.8,,52.24,2.81,107.2,,,93.76,747.54,-0.42
2024-05-27,17.28,28.8,2.96,9.94,12.9,34.19,3.93,1.25,6.63,1.0,1.5,,,0.8,0.8,,52.36,2.75,101.88,,,103.68,747.69,-0.42
2024-05-28,53.95,89.88,4.31,11.13,15.45,36.93,4.45,1.24,7.82,1.0,1.5,,,0.8,0.8,,57.93,2.51,95.0,,,110.47,748.32,-0.43
2024-05-29,51.27,85.44,4.0,11.14,15.15,37.5,4.04,1.24,9.4,1.0,1.5,,,0.8,0.8,,54.81,2.46,98.23,,,125.44,748.2,-0.44
2024-05-30,44.44,74.08,2.75,9.67,12.43,34.09,4.55,1.23,12.31,1.0,1.5,,,0.8,0.8,,65.11,1.58,71.72,,,112.72,748.79,-0.48
2024-05-31,14.31,23.87,2.93,9.04,11.97,46.97,3.78,1.24,8.18,1.0,1.5,,,0.8,0.8,,67.82,1.46,107.2,,,112.05,748.97,-0.49
2024-06-01,18.8,31.34,3.11,7.79,10.9,45.3,2.38,1.24,4.99,1.0,1.5,,,0.8,0.8,,78.09,1.56,59.84,,,103.26,749.78,-0.48
2024-06-02,21.49,35.82,2.77,7.94,10.73,36.4,2.13,1.25,6.55,1.0,1.5,,,0.8,0.8,,69.95,1.6,87.68,,,88.41,751.39,-0.48
2024-06-03,25.56,42.6,2.69,8.55,11.24,30.44,0.87,1.24,7.31,1.0,1.5,,,0.8,0.8,,78.6,1.42,163.69,,,70.84,752.27,-0.5
2024-06-04,21.45,35.76,4.83,10.5,15.41,35.14,1.88,1.23,7.31,1.0,1.5,,,0.8,0.8,,83.48,1.55,76.76,,,76.53,752.62,-0.49
2024-06-05,13.62,22.7,6.61,11.48,18.09,34.26,1.69,1.24,6.82,1.0,1.5,,,0.8,0.8,,88.29,1.52,86.37,,,58.62,753.09,-0.49
2024-06-06,13.62,22.7,8.84,12.95,21.8,35.44,3.49,1.24,7.37,1.0,1.5,,,0.8,0.8,,89.75,1.44,80.7,,,83.09,753.61,-0.5
2024-06-07,13.62,22.7,7.15,11.24,18.39,29.93,4.34,1.25,3.9,1.0,1.5,,,0.8,0.8,,94.05,1.49,73.46,,,57.74,752.9,-0.49
2024-06-08,13.62,22.7,5.31,9.21,14.52,25.97,3.52,1.24,4.95,1.0,1.5,,,0.8,0.8,,85.56,1.56,71.86,,,75.86,752.1,-0.49
2024-06-09,13.62,22.7,4.82,8.67,13.48,26.08,2.64,1.23,5.38,1.0,1.5,,,0.8,0.8,,78.35,1.61,73.94,,,60.95,751.53,-0.48
2024-06-10,13.62,22.7,6.96,11.89,18.67,33.13,2.62,1.24,7.5,1.0,1.5,,,0.8,0.8,,73.96,2.16,121.62,,,98.57,751.55,-0.45
2024-06-11,13.62,22.7,5.73,10.96,16.7,27.44,5.62,1.24,5.95,1.0,1.5,,,0.8,0.8,,68.8,2.09,121.65,,,97.58,751.56,-0.46
2024-06-12,13.62,22.7,8.15,11.9,20.05,36.32,4.73,1.25,5.07,1.0,1.5,,,0.8,0.8,,72.56,1.92,146.75,,,86.26,752.54,-0.47
2024-06-13,19.1,31.83,6.14,10.62,16.61,29.31,6.09,1.24,4.49,1.0,1.5,,,0.8,0.8,,73.08,1.93,125.62,,,59.77,752.73,-0.47
2024-06-14,15.08,25.12,3.76,8.03,11.79,21.43,5.47,1.25,4.49,1.0,1.5,,,0.8,0.8,,71.23,1.81,110.05,,,108.04,751.57,-0.48
2024-06-15,14.83,24.72,4.14,8.84,12.94,22.36,5.72,1.24,5.11,1.0,1.5,,,0.8,0.8,,76.06,1.74,92.04,,,41.97,751.15,-0.48
2024-06-16,15.02,25.03,3.23,7.52,10.77,20.19,4.75,1.24,6.35,1.0,1.5,,,0.8,0.8,,72.5,1.86,96.24,,,99.56,751.23,-0.47
2024-06-17,15.34,25.56,2.62,6.98,9.6,17.65,3.98,1.24,6.52,1.0,1.5,,,0.8,0.8,,73.83,1.76,90.44,,,106.53,751.6,-0.48
2024-06-18,15.39,25.65,4.32,8.9,12.94,22.72,4.42,1.25,5.88,1.0,1.5,,,0.8,0.8,,85.55,1.95,100.4,,,95.13,751.98,-0.47
2024-06-19,14.67,24.45,4.82,8.89,13.69,22.3,7.58,1.25,5.59,1.0,1.5,,,0.8,0.8,,89.01,1.75,105.02,,,80.9,751.4,-0.48
2024-06-20,14.54,24.23,3.37,7.78,11.16,19.84,3.56,1.24,5.43,1.0,1.5,,,0.8,0.8,,80.1,1.87,115.63,,,89.89,751.18,-0.47
2024-06-21,14.55,24.25,4.2,8.11,12.31,20.49,2.37,1.24,5.05,1.0,1.5,,,0.8,0.8,,76.35,2.17,101.52,,,92.68,750.8,-0.46
2024-06-22,14.75,24.58,4.1,8.2,12.29,19.99,2.38,1.25,5.26,1.0,1.5,,,0.8,0.8,,74.68,1.74,108.05,,,96.06,749.33,-0.48
2024-06-23,14.69,24.49,4.58,9.8,14.38,22.09,2.78,1.24,6.15,1.0,1.5,,,0.8,0.8,,76.0,1.72,93.92,,,79.02,748.95,-0.48
2024-06-24,14.5,24.17,3.47,7.96,11.31,18.01,2.88,1.24,5.67,1.0,1.5,,,0.8,0.8,,71.83,1.73,91.03,,,76.55,748.85,-0.48
2024-06-25,14.83,24.71,2.99,7.17,10.16,16.63,3.39,1.24,5.59,1.0,1.5,,,0.8,0.8,,68.43,1.83,107.09,,,62.29,748.48,-0.48
2024-06-26,14.9,24.84,3.36,6.94,10.3,16.61,3.45,1.24,5.13,1.0,1.5,,,0.8,0.8,,71.27,1.69,107.41,,,45.66,748.96,-0.48
2024-06-27,14.9,24.82,3.43,7.84,11.31,17.55,3.73,1.24,4.54,1.0,1.5,,,0.8,0.8,,62.96,1.8,109.98,,,34.61,750.07,-0.48
2024-06-28,15.12,25.21,2.97,6.84,9.8,15.78,4.11,1.24,5.68,1.0,1.5,,,0.8,0.8,,63.35,1.94,90.41,,,80.71,750.74,-0.47
2024-06-29,14.55,24.25,5.01,9.1,13.64,21.07,4.24,1.24,6.1,1.0,1.5,,,0.8,0.8,,75.55,1.54,86.01,,,56.47,751.32,-0.49
2024-06-30,14.53,24.22,2.38,5.99,8.37,13.56,4.08,1.24,5.82,1.0,1.5,,,0.8,0.8,,84.54,1.5,86.3,,,28.47,752.29,-0.49
2024-07-01,15.13,25.22,3.55,7.0,10.56,17.12,3.3,1.24,4.59,1.0,1.5,,,0.8,0.8,,83.7,1.46,97.12,,,40.61,752.33,-0.5
2024-07-02,14.7,24.5,3.05,6.68,8.89,16.75,1.27,1.24,5.6,1.0,1.5,,,0.8,0.8,,69.71,1.79,98.43,,,59.27,750.89,-0.48
2024-07-03,14.47,24.1,3.13,6.98,9.9,16.75,1.64,1.24,5.34,1.0,1.5,,,0.8,0.8,,72.24,1.71,97.96,,,55.9,751.22,-0.48
2024-07-04,14.41,24.01,3.96,8.33,12.29,18.47,1.51,1.24,4.94,1.0,1.5,,,0.8,0.8,,81.17,1.62,90.93,,,45.29,752.22,-0.49
2024-07-05,15.58,25.96,3.04,7.33,10.37,16.2,2.67,1.24,5.14,1.0,1.5,,,0.8,0.8,,78.19,1.61,76.71,,,53.24,750.88,-0.49
2024-07-06,19.87,33.11,4.95,8.4,12.89,18.66,1.63,1.24,3.58,1.0,1.5,,,0.8,0.8,,93.1,1.45,95.24,,,19.49,751.37,-0.5
2024-07-07,29.27,48.79,6.9,10.93,17.26,23.43,1.19,1.23,5.14,1.0,1.5,,,0.8,0.8,,81.23,1.56,113.0,,,44.23,750.96,-0.49
2024-07-08,43.39,72.32,4.38,8.29,12.68,17.25,4.16,1.24,5.49,1.0,1.5,,,0.8,0.8,,84.09,1.52,106.8,,,35.9,750.41,-0.5
2024-07-09,49.29,82.16,3.95,7.67,11.61,15.6,2.57,1.24,5.28,1.0,1.5,,,0.8,0.8,,82.41,1.47,96.01,,,30.05,751.5,-0.5
2024-07-10,39.87,66.42,2.87,6.96,9.83,13.49,1.01,1.24,5.67,1.0,1.5,,,0.8,0.8,,76.3,1.5,81.75,,,42.91,752.58,-0.49
2024-07-11,75.16,126.34,4.29,7.98,12.25,15.39,1.71,1.24,5.65,1.0,1.5,,,0.8,0.8,,94.76,1.51,105.41,,,20.56,752.97,-0.5
2024-07-12,42.12,70.16,3.5,7.22,10.46,13.07,6.04,1.24,5.4,1.0,1.5,,,0.8,0.8,,84.48,1.58,86.86,,,48.23,750.99,-0.49
2024-07-13,55.41,92.32,4.33,7.55,11.87,13.94,10.08,1.24,5.51,1.0,1.5,,,0.8,0.8,,89.69,1.61,114.61,,,31.71,750.98,-0.49
2024-07-14,44.76,74.66,4.77,7.94,12.36,14.35,9.07,1.23,5.49,1.0,1.5,,,0.8,0.8,,93.57,1.4,127.97,,,13.88,750.14,-0.5
2024-07-15,60.93,101.58,4.34,7.06,11.4,12.44,6.15,1.24,6.25,1.0,1.5,,,0.8,0.8,,92.04,1.57,112.5,,,17.22,749.7,-0.49
2024-07-16,50.46,84.23,3.12,6.11,7.37,9.17,1.23,1.23,5.45,1.0,1.5,,,0.8,0.8,,83.04,1.81,112.05,,,25.73,749.49,-0.48
2024-07-17,71.49,89.87,3.23,6.29,9.52,9.39,1.91,1.24,5.77,1.0,1.5,,,0.8,0.8,,75.77,1.84,107.71,,,29.99,749.98,-0.48
2024-07-18,68.99,114.9,3.95,6.8,10.74,10.74,4.06,1.24,5.34,1.0,1.5,,,0.8,0.8,,77.81,1.77,113.85,,,20.74,750.09,-0.48
2024-07-19,60.14,100.3,4.72,7.48,12.2,12.29,3.43,1.24,4.78,1.0,1.5,,,0.8,0.8,,77.8,2.17,112.2,,,32.08,749.58,-0.46
2024-07-20,87.88,146.41,4.27,7.29,11.56,11.33,2.82,1.24,5.4,1.0,1.5,,,0.8,0.8,,69.51,1.64,116.42,,,29.87,749.9,-0.49
2024-07-21,81.71,136.19,3.71,6.71,10.42,9.89,1.48,1.24,4.6,1.0,1.5,,,0.8,0.8,,62.09,1.83,108.41,,,37.89,750.33,-0.48
2024-07-22,106.01,176.54,4.59,7.62,10.41,12.32,4.72,1.24,5.06,1.0,1.5,,,0.8,0.8,,60.78,1.68,103.51,,,26.79,751.68,-0.49
2024-07-23,76.49,127.35,3.24,6.63,8.61,8.59,6.25,1.25,5.51,1.0,1.5,,,0.8,0.8,,65.28,1.89,118.29,,,37.72,752.36,-0.47
2024-07-24,50.44,84.07,3.58,6.87,10.47,9.08,2.72,1.24,4.96,1.0,1.5,,,0.8,0.8,,64.51,2.19,117.9,,,47.82,750.98,-0.46
2024-07-25,65.23,108.67,3.47,6.53,10.01,8.44,1.73,1.24,6.07,1.0,1.5,,,0.8,0.8,,62.63,1.99,117.24,,,31.81,749.75,-0.47
2024-07-26,82.61,137.68,3.39,6.54,9.94,8.28,1.8,1.24,5.92,1.0,1.5,,,0.8,0.8,,62.77,2.19,117.37,,,39.71,749.74,-0.46
2024-07-27,77.35,128.9,7.73,10.3,18.03,18.31,2.8,1.24,4.99,1.0,1.5,,,0.8,0.8,,57.52,2.4,116.9,,,40.89,749.6,-0.45
2024-07-28,101.48,169.09,3.53,6.4,9.94,7.96,3.13,1.23,4.93,1.0,1.5,,,0.8,0.8,,51.06,1.91,111.88,,,38.84,748.93,-0.47
2024-07-29,80.53,134.21,2.91,5.95,8.86,6.52,2.2,1.24,4.86,1.0,1.5,,,0.8,0.8,,62.33,1.76,96.51,,,34.76,748.66,-0.48
2024-07-30,94.46,99.81,3.66,6.85,10.39,8.61,2.72,1.24,4.16,1.0,1.5,,,0.8,0.8,,70.65,1.57,151.69,,,47.41,750.52,-0.49
2024-07-31,88.32,147.18,2.66,5.71,8.37,5.69,3.23,1.23,4.82,1.0,1.5,,,0.8,0.8,,59.31,1.87,101.87,,,34.7,751.63,-0.48
2024-08-01,92.01,153.36,2.45,5.53,7.98,5.14,2.26,1.24,4.38,1.0,1.5,,,0.8,0.8,,62.39,1.86,104.98,,,42.58,751.47,-0.48
2024-08-02,88.57,147.6,3.12,6.01,9.13,6.63,3.51,1.24,4.38,1.0,1.5,,,0.8,0.8,,68.44,1.63,121.18,,,28.23,751.82,-0.49
2024-08-03,92.84,154.86,2.78,5.57,8.35,5.67,2.47,1.24,4.4,1.0,1.5,,,0.8,0.8,,71.0,1.82,123.74,,,35.46,752.59,-0.48
2024-08-04,78.35,130.63,2.85,5.14,8.2,6.03,7.21,1.24,5.54,1.0,1.5,,,0.8,0.8,,87.61,1.48,117.49,,,31.86,753.23,-0.5
2024-08-05,93.33,157.1,2.83,4.93,5.72,5.72,5.73,1.24,5.67,1.0,1.5,,,0.8,0.8,,95.38,1.49,130.65,,,19.91,753.89,-0.5
2024-08-06,88.81,147.96,2.58,4.94,6.46,5.13,6.7,1.24,4.5,1.0,1.5,,,0.8,0.8,,88.06,1.47,148.89,,,35.05,752.64,-0.5
2024-08-07,90.05,149.99,2.76,5.12,7.88,5.58,7.17,1.23,4.0,1.0,1.5,,,0.8,0.8,,93.1,1.42,157.6,,,21.43,753.06,-0.5
2024-08-08,67.68,117.76,2.55,4.87,7.42,5.0,8.9,1.24,4.63,1.0,1.5,,,0.8,0.8,,89.58,1.42,127.4,,,28.19,753.3,-0.5
2024-08-09,92.19,153.58,2.22,4.54,6.76,4.11,5.54,1.23,5.52,1.0,1.5,,,0.8,0.8,,89.75,1.49,166.09,,,25.58,753.38,-0.5
2024-08-10,90.42,150.73,2.58,5.15,7.7,5.25,4.92,1.23,6.2,1.0,1.5,,,0.8,0.8,,88.08,1.35,149.41,,,28.72,753.15,-0.5
2024-08-11,74.0,123.33,2.31,4.91,7.22,4.42,5.02,1.24,5.9,1.0,1.5,,,0.8,0.8,,80.7,1.37,146.37,,,31.02,751.46,-0.5
2024-08-12,110.17,183.93,2.29,4.73,6.65,4.32,5.28,1.24,6.65,1.0,1.5,,,0.8,0.8,,88.39,1.54,124.94,,,32.94,751.52,-0.49
2024-08-13,107.17,178.72,2.79,4.91,7.7,5.05,8.16,1.25,4.13,1.0,1.5,,,0.8,0.8,,90.16,1.53,53.36,,,22.5,751.95,-0.5
2024-08-14,109.08,181.81,2.91,4.8,5.88,5.04,7.4,1.24,4.39,1.0,1.5,,,0.8,0.8,,88.88,1.27,98.29,,,28.21,751.55,-0.5
2024-08-15,117.21,168.6,2.35,4.24,6.25,3.57,4.56,1.24,4.91,1.0,1.5,,,0.8,0.8,,89.81,1.55,52.2,,,29.36,751.07,-0.49
2024-08-16,154.19,118.29,3.03,4.72,7.74,5.46,6.28,1.24,4.08,1.0,1.5,,,0.8,0.8,,88.73,1.53,43.59,,,25.38,750.53,-0.49
2024-08-17,171.26,117.06,2.61,4.61,7.23,4.41,6.46,1.24,5.3,1.0,1.5,,,0.8,0.8,,89.6,1.44,60.52,,,26.44,751.14,-0.49
2024-08-18,184.98,161.84,2.34,4.58,6.92,3.81,9.08,1.24,5.45,1.0,1.5,,,0.8,0.8,,84.31,1.42,79.17,,,28.19,751.51,-0.5
2024-08-19,60.56,70.6,2.4,4.61,7.01,3.93,4.9,1.24,4.91,1.0,1.5,,,0.8,0.8,,88.99,1.52,51.84,,,25.46,751.41,-0.5
2024-08-20,70.36,117.14,2.58,4.6,6.4,4.26,7.52,1.24,5.09,1.0,1.5,,,0.8,0.8,,86.95,1.48,66.75,,,27.23,751.58,-0.49
2024-08-21,50.47,91.66,2.74,4.64,7.06,4.47,6.84,1.24,5.61,1.0,1.5,,,0.8,0.8,,85.57,1.47,65.08,,,30.8,752.52,-0.49
2024-08-22,16.47,49.19,2.78,5.1,7.69,5.67,13.2,1.23,4.2,0.73,1.14,,,0.65,0.71,,78.01,1.49,78.2,,,27.75,753.24,-0.49
2024-08-23,9.8,24.51,1.87,3.9,5.21,3.2,2.48,0.04,5.57,0.27,0.44,,,0.34,0.28,,82.44,1.47,68.92,,,23.42,753.28,-0.49
2024-08-24,10.15,25.29,2.1,4.13,4.5,3.31,3.33,0.27,6.43,0.33,0.36,,,0.35,0.3,,77.13,1.61,85.86,,,26.84,753.36,-0.49
2024-08-25,9.71,24.28,2.88,4.73,7.48,5.41,5.76,0.18,5.01,0.29,0.32,,,0.27,0.28,,62.66,2.01,106.43,,,37.17,752.87,-0.47
2024-08-26,8.16,20.43,3.25,5.37,8.61,6.69,3.08,0.18,4.95,0.27,0.45,,,0.31,0.26,,63.37,1.89,100.79,,,35.57,752.21,-0.47
2024-08-27,9.89,24.72,2.08,3.96,4.76,3.51,1.89,0.28,6.36,0.29,0.41,,,0.36,0.31,,73.57,1.68,105.5,,,19.67,753.13,-0.49
2024-08-28,9.19,22.98,3.05,4.67,7.32,5.67,1.5,0.22,4.54,0.36,0.36,,,0.3,0.3,,88.81,1.44,118.59,,,12.13,753.97,-0.5
2024-08-29,8.53,21.32,2.77,4.67,7.45,5.04,2.0,0.16,4.27,0.25,0.38,,,0.23,0.27,,74.66,1.73,112.39,,,23.4,751.86,-0.48
2024-08-30,9.54,23.85,2.03,4.52,6.55,7.67,2.25,0.46,5.25,0.22,0.29,,,0.34,0.27,,80.88,1.63,125.62,,,13.55,751.88,-0.49
2024-08-31,7.36,18.39,3.54,5.4,8.94,,3.9,0.17,4.23,0.24,0.34,,,0.31,0.33,,81.0,1.82,126.42,,,25.18,751.54,-0.48
2024-09-01,8.21,20.53,2.46,4.48,6.94,,4.26,0.05,5.09,0.22,0.32,,,0.36,0.26,,72.14,1.66,118.36,,,20.0,750.9,-0.49
2024-09-02,8.55,21.38,1.89,4.25,6.14,,4.15,0.1,5.48,0.29,0.46,,,0.32,0.24,,77.7,1.55,90.54,,,29.02,751.23,-0.49
2024-09-03,8.68,21.61,2.16,4.66,6.82,,4.82,0.27,3.53,0.22,0.33,,,0.23,0.34,,89.26,1.45,155.24,,,20.4,752.6,-0.5
2024-09-04,9.51,23.77,5.0,7.76,12.0,,5.97,0.21,4.51,0.25,0.47,,,0.35,0.31,,88.38,1.36,169.53,,,22.17,752.77,-0.5
2024-09-05,10.04,25.11,2.11,4.57,6.66,,5.47,0.05,6.49,0.26,0.35,,,0.3,0.3,,75.98,1.55,141.5,,,29.01,751.25,-0.49
2024-09-06,9.65,24.12,2.81,4.98,7.79,,5.49,0.26,6.14,0.34,0.36,,,0.28,0.34,,86.92,1.43,144.39,,,18.03,751.98,-0.5
2024-09-07,9.16,22.89,2.98,4.93,7.74,,4.93,0.04,7.44,0.26,0.37,,,0.27,0.35,,81.11,1.5,149.66,,,21.0,752.34,-0.5
2024-09-08,7.92,19.79,2.5,4.52,7.02,,3.25,0.14,5.4,0.3,0.39,,,0.36,0.32,,82.65,1.52,116.59,,,13.81,752.68,-0.5
2024-09-09,9.16,22.89,2.31,4.4,6.63,,2.22,0.13,3.06,0.29,0.38,,,0.4,0.29,,77.99,1.57,101.13,,,18.43,751.11,-0.49
2024-09-10,10.07,25.18,2.26,4.25,6.51,,2.32,0.11,2.49,0.27,0.42,,,0.35,0.29,,70.48,2.05,100.06,,,32.08,750.58,-0.46
2024-09-11,9.84,24.59,2.06,4.24,6.3,,1.95,0.3,4.38,0.23,0.37,,,0.31,0.3,,70.43,1.74,89.76,,,21.02,752.23,-0.48
2024-09-12,9.98,24.96,2.25,4.51,6.76,,1.51,0.13,7.63,0.26,0.5,,,0.31,0.29,,73.4,1.81,100.49,,,23.5,752.97,-0.48
2024-09-13,9.49,23.74,3.11,5.39,8.41,,1.6,0.35,9.43,0.29,0.48,,,0.32,0.37,,73.36,1.47,119.88,,,27.7,752.55,-0.5
2024-09-14,8.86,22.15,2.01,4.1,5.26,,1.3,0.1,14.9,0.26,0.39,,,0.32,0.3,,72.98,1.43,118.31,,,34.53,751.98,-0.49
2024-09-15,8.73,21.83,2.42,4.45,6.88,,1.03,0.1,3.78,0.23,0.31,,,0.3,0.3,,73.87,1.47,99.91,,,36.65,751.8,-0.49
2024-09-16,8.7,21.74,2.22,4.07,6.01,,1.02,0.11,3.46,0.16,0.39,,,0.28,0.25,,63.49,1.43,111.09,,,30.14,751.89,-0.49
2024-09-17,8.32,20.81,2.12,4.25,6.37,,0.91,0.13,3.58,0.23,0.4,,,0.35,0.27,,69.05,1.49,103.69,,,30.62,751.54,-0.49
2024-09-18,8.92,22.3,2.25,4.42,5.0,,1.03,0.11,4.67,0.3,0.3,,,0.27,0.38,,68.04,1.47,134.56,,,32.91,750.98,-0.49
2024-09-19,10.17,27.34,2.32,4.56,6.62,,1.21,0.07,3.48,0.27,0.38,,,0.3,0.26,,71.97,1.36,178.76,,,17.53,751.8,-0.5
2024-09-20,,32.66,1.93,4.28,5.16,,1.5,0.14,4.64,0.26,0.4,,,0.29,0.33,,73.47,1.36,137.06,,,25.25,751.14,-0.5
2024-09-21,,21.44,2.29,4.62,6.84,,1.98,0.16,4.56,0.26,0.46,,,0.33,0.28,,87.15,1.37,191.63,,,21.62,752.15,-0.5
2024-09-22,,21.44,2.25,4.4,6.65,,1.6,0.11,4.28,0.28,0.46,,,0.32,0.29,,86.2,1.4,170.86,,,14.12,751.14,-0.5
2024-09-23,21.03,38.33,2.51,5.23,7.73,13.46,1.81,0.09,4.78,0.27,0.54,,,0.3,0.24,,82.87,1.56,140.23,,,24.36,750.6,-0.49
2024-09-24,30.7,72.46,3.58,9.47,13.05,22.91,1.95,0.11,3.75,0.35,0.38,,,0.3,0.23,,90.22,1.51,133.12,,,25.0,750.59,-0.5
2024-09-25,28.75,67.94,2.37,8.51,10.73,20.02,6.96,0.36,6.89,0.36,0.34,,,0.23,0.29,,84.96,1.5,144.58,,,24.82,750.62,-0.49
2024-09-26,24.43,83.7,2.55,9.36,11.91,23.1,4.2,0.24,23.13,0.37,0.37,,,0.31,0.28,,92.99,1.31,224.38,,,18.59,751.78,-0.51
2024-09-27,29.12,94.62,2.28,9.24,10.89,22.71,4.12,0.13,7.79,0.23,0.34,,,0.28,0.36,,92.62,1.37,152.34,,,17.88,753.31,-0.51
2024-09-28,27.64,110.0,2.47,9.47,11.94,23.48,4.12,0.08,7.35,0.26,0.36,,,0.27,0.28,,93.38,1.39,117.4,,,21.62,754.4,-0.5
2024-09-29,18.44,65.39,3.4,9.42,13.27,24.5,4.13,0.2,12.63,0.32,0.3,,,0.3,0.29,,90.38,1.43,106.97,,,22.8,755.18,-0.5
2024-09-30,19.09,62.1,2.41,9.33,11.0,23.55,4.13,0.11,12.69,0.21,0.41,,,0.31,0.27,,88.68,1.46,71.33,,,24.16,755.18,-0.5
2024-10-01,23.59,65.86,2.48,9.79,10.57,24.41,4.78,0.62,12.84,0.18,0.31,,,0.28,0.29,,88.04,1.47,58.98,,,23.91,753.78,-0.5
2024-10-02,23.52,68.67,2.23,9.34,9.81,23.45,5.51,0.91,10.61,0.27,0.39,,,0.28,0.24,,79.95,1.56,80.81,,,30.04,753.3,-0.49
2024-10-03,36.42,83.31,2.6,9.72,10.16,24.17,5.45,1.29,9.57,0.19,0.41,,,0.28,0.28,,76.69,1.45,142.96,,,19.69,753.12,-0.5
2024-10-04,18.36,135.31,,,,,6.28,0.86,13.05,0.07,0.95,,,0.88,0.3,,90.77,1.36,214.94,,,1.81,754.22,-0.5
2024-10-05,,,,,,,,,,,,,,,,,,,,,,,,
2024-10-06,,,,,,,,,,,,,,,,,,,,,,,,
2024-10-07,,,,,,,,,,,,,,,,,,,,,,,,
2024-10-08,30.08,,1.98,8.56,10.53,,4.04,1.25,,0.17,1.18,,,0.35,,,,1.25,206.04,,,18.71,,-0.5
2024-10-09,49.95,93.19,2.98,8.7,11.69,,4.34,2.56,8.08,0.48,,,,0.23,,,,1.32,170.31,,,,,
2024-10-10,36.8,61.34,2.17,8.4,9.23,23.52,4.3,1.27,7.34,0.46,,,,0.32,,,,1.3,221.48,,,,,
2024-10-11,55.89,93.15,2.18,8.7,10.7,22.83,4.2,0.53,8.42,0.43,,,,0.31,,,,1.17,154.63,,,,,
2024-10-12,33.18,55.3,2.49,9.23,11.72,24.19,4.53,0.46,8.12,0.59,,,,0.42,,,,1.31,174.97,,,,,
2024-10-13,36.09,60.15,2.02,9.02,11.04,23.34,4.58,0.43,8.82,0.46,,,,0.4,,,,1.27,218.7,,,,,
2024-10-14,33.64,56.07,2.19,9.21,11.25,23.63,4.46,0.55,6.49,0.52,,,,0.34,,,,1.34,204.36,,,,,
2024-10-15,27.25,45.41,2.07,9.27,8.56,23.81,4.15,0.51,5.3,0.42,,,,0.35,,,,1.32,203.77,,,,,
2024-10-16,22.8,38.0,2.24,9.36,11.6,24.23,4.18,0.42,5.85,0.41,,,,0.38,,,,1.4,140.63,,,,,
2024-10-17,55.93,98.75,4.32,9.12,12.96,23.37,4.2,0.5,7.99,0.38,,,,0.29,,,,1.3,152.71,,,,,
2024-10-18,55.12,106.11,5.32,9.44,14.76,23.98,4.2,0.5,7.88,0.4,,,,0.37,,,,1.35,170.22,,,,,
2024-10-19,59.59,113.62,5.49,9.49,14.98,24.29,4.2,0.55,8.01,0.38,,,,0.37,,,,1.29,212.9,,,,,
2024-10-20,55.58,106.88,5.16,9.27,14.43,23.62,4.2,0.52,8.27,0.39,,,,0.35,,,,1.29,227.56,,,,,
2024-10-21,50.52,97.61,5.72,9.61,13.37,24.8,4.2,0.49,8.81,0.44,,,,0.42,,,,1.21,191.49,,,,,
2024-10-22,64.13,121.67,5.7,9.59,15.28,24.73,4.2,0.48,8.95,0.34,,,,0.33,,,,1.26,197.52,,,,,
2024-10-23,75.5,134.66,5.6,10.05,15.8,24.84,7.05,1.08,7.68,0.43,,,,0.49,,,,1.3,201.26,,,,,
2024-10-24,79.33,132.24,5.76,13.37,19.12,14.48,9.75,1.31,6.38,0.37,,,,0.39,,,,1.39,161.02,,,,,
2024-10-25,70.64,117.74,5.69,13.46,19.15,11.45,7.35,0.33,5.25,0.37,,,,0.44,,,,1.42,114.61,,,,,
2024-10-26,78.04,130.07,5.64,13.47,19.11,11.38,11.77,0.43,5.19,0.35,,,,0.54,,,,1.36,152.12,,,,,
2024-10-27,85.44,142.41,6.04,13.71,19.76,12.26,12.0,0.34,3.56,0.3,,,,0.43,,,,1.35,177.95,,,,,
2024-10-28,103.01,171.69,5.87,13.68,19.56,11.94,12.3,0.41,3.02,0.32,,,,0.39,,,,1.38,122.01,,,,,
2024-10-29,73.95,123.25,6.62,13.83,20.45,13.14,8.95,0.69,4.05,0.38,,,,0.3,,,,1.35,139.8,,,,,
2024-10-30,108.56,180.93,6.1,13.63,19.73,12.19,10.06,1.02,2.98,0.38,,,,0.31,,,,1.35,165.27,,,,,
2024-10-31,144.09,207.69,13.36,27.11,40.47,13.68,13.25,1.15,5.11,0.37,,,,0.32,,,,1.31,220.24,,,,,
2024-11-01,63.51,150.2,11.0,23.61,34.61,11.89,10.17,0.61,5.44,0.39,,,,0.3,,,,1.27,225.92,,,,,
2024-11-02,42.94,94.5,10.92,23.56,34.49,12.14,12.82,0.52,5.03,0.29,,,,0.29,,,,1.29,214.24,,,,,
2024-11-03,46.35,102.32,10.96,23.6,34.56,12.32,12.17,0.83,5.5,0.42,,,,0.35,,,,1.28,224.9,,,,,
2024-11-04,39.13,86.38,9.51,23.1,32.59,12.1,13.46,0.75,9.18,0.42,,,,0.33,,,,1.3,230.28,,,,,
2024-11-05,66.51,146.83,10.25,23.64,33.87,12.38,13.72,0.83,9.81,0.36,,,,0.35,,,,1.35,230.58,,,,,
2024-11-06,64.33,142.0,11.43,24.3,35.73,13.83,13.44,0.54,8.93,0.25,,,,0.28,,,,1.38,214.02,,,,,
2024-11-07,32.97,72.83,11.31,24.21,35.53,13.69,12.12,0.84,11.28,0.4,,,,0.3,,,,1.31,210.69,,,,,
2024-11-08,42.89,94.69,11.22,24.06,35.28,13.41,10.16,0.56,9.02,0.37,,,,0.33,,,,1.33,233.86,,,,,
2024-11-09,55.65,122.85,11.06,24.06,35.12,13.02,10.13,0.59,5.5,0.3,,,,0.33,,,,1.34,220.6,,,,,
2024-11-10,64.97,143.42,11.05,24.07,35.12,13.02,9.86,0.84,8.52,0.32,,,,0.33,,,,1.36,225.65,,,,,
2024-11-11,77.75,148.95,10.63,23.9,34.53,12.28,11.68,0.91,8.63,0.4,,,,0.35,,,,1.26,218.31,,,,,
2024-11-12,45.7,73.24,11.13,24.2,35.33,13.61,13.18,0.41,4.69,0.34,,,,0.32,,,,1.31,224.84,,,,,
2024-11-13,43.95,70.31,11.14,24.2,35.34,13.6,12.83,0.4,5.61,0.3,,,,0.38,,,,1.33,240.02,,,,,
2024-11-14,45.59,73.22,10.72,23.82,34.54,12.53,12.15,0.91,2.52,0.3,,,,0.37,,,,1.29,226.19,,,,,
2024-11-15,46.18,74.0,10.98,24.03,35.01,13.17,12.46,1.42,2.98,0.42,,,,0.38,,,,1.33,219.83,,,,,
2024-11-16,60.59,97.11,10.57,23.82,34.4,12.3,12.23,1.26,4.1,0.31,,,,0.32,,,,1.33,225.01,,,,,
2024-11-17,102.32,164.14,10.26,23.83,34.09,11.69,12.4,0.65,11.7,0.38,,,,0.41,,,,1.35,248.03,,,,,
2024-11-18,106.0,169.86,10.37,24.05,34.43,12.15,12.37,0.48,14.4,0.39,,,,0.32,,,,1.37,243.4,,,,,
2024-11-19,110.25,176.67,10.62,24.27,34.88,12.77,11.96,0.59,8.89,0.3,,,,0.34,,,,1.36,228.07,,,,,
2024-11-20,95.83,153.57,10.94,24.43,35.36,13.46,12.4,0.58,9.89,0.38,,,,0.36,,,,1.35,233.03,,,,,
2024-11-21,104.48,167.43,10.59,24.3,34.88,12.72,12.33,0.53,6.93,0.24,,,,0.37,,,,1.34,235.52,,,,,
2024-11-22,114.38,183.3,10.65,24.25,34.9,12.8,12.45,0.62,9.45,0.3,,,,0.33,,,,1.35,223.17,,,,,
2024-11-23,111.75,179.08,10.47,24.1,34.56,12.36,12.23,1.16,6.82,0.3,,,,0.31,,,,1.35,222.01,,,,,
2024-11-24,81.79,131.07,10.61,23.94,34.55,12.34,12.05,0.73,7.43,0.32,,,,0.37,,,,1.35,237.14,,,,,
2024-11-25,107.16,171.73,10.44,23.94,34.38,12.12,12.04,0.4,11.23,0.3,,,,0.31,,,,1.37,223.09,,,,,
2024-11-26,105.25,168.68,10.47,24.07,34.53,12.5,12.88,0.43,9.12,0.23,,,,0.31,,,,1.33,206.99,,,,,
2024-11-27,93.79,150.3,10.37,24.01,34.38,12.29,12.67,0.39,25.21,0.36,,,,0.26,,,,1.43,232.58,,,,,
2024-11-28,106.89,174.59,10.32,24.49,34.81,23.28,13.11,0.57,31.95,0.21,,,,0.29,,,,1.47,219.85,,,,,
2024-11-29,42.3,89.57,10.5,24.27,34.75,26.14,12.26,0.77,22.63,0.34,,,,0.3,,,,1.39,213.23,,,,,
2024-11-30,11.43,24.19,10.09,23.33,25.89,10.87,12.41,0.44,21.42,0.29,,,,0.33,,,,1.7,217.42,,,,,
2024-12-01,,,,,,,,,,,,,,,,,,,,,,,,
2024-12-02,23.49,49.6,9.5,21.76,31.26,11.02,14.6,1.75,4.34,,,,,,,,,1.25,173.45,,,,,
2024-12-03,15.53,32.86,10.44,22.67,33.11,9.88,12.28,0.34,6.69,,,,,,,,,1.29,187.39,,,,,
2024-12-04,13.76,29.11,10.64,23.16,33.8,11.23,12.44,0.62,8.43,,,,,,,,,1.28,233.36,,,,,
2024-12-05,12.24,25.89,11.16,23.62,34.78,12.78,12.19,1.0,7.3,,,,,,,,,1.29,233.05,,,,,
2024-12-06,14.11,29.86,10.86,23.55,34.41,12.33,12.23,0.97,5.17,,,,,,,,,1.29,227.39,,,,,
2024-12-07,14.17,29.98,10.99,23.71,34.71,12.79,12.23,0.71,4.54,,,,,,,,,1.22,217.48,,,,,
2024-12-08,15.75,33.32,10.88,23.65,33.08,12.56,12.28,0.55,1.77,,,,,,,,,1.28,217.95,,,,,
2024-12-09,22.94,48.53,10.96,23.83,31.86,12.78,13.28,0.78,3.57,,,,,,,,,1.29,234.99,,,,,
2024-12-10,25.54,54.03,10.63,23.72,34.35,12.14,13.19,0.53,8.14,,,,,,,,,1.35,229.33,,,,,
2024-12-11,26.58,56.23,10.77,23.77,34.54,12.23,12.87,1.23,6.15,,,,,,,,,1.28,208.18,,,,,
2024-12-12,15.73,33.27,10.54,23.73,26.28,12.08,12.2,0.59,5.19,,,,,,,,,0.98,119.32,,,,,
2024-12-13,26.92,56.97,10.43,23.66,34.09,11.68,12.56,0.72,17.24,,,,,,,,,1.56,28.71,,,,,
2024-12-14,25.79,54.57,10.9,24.07,34.96,13.02,13.55,0.59,13.86,,,,,,,,,1.08,155.89,,,,,
2024-12-15,24.39,51.6,10.99,24.16,33.26,13.36,12.95,0.88,17.53,,,,,,,,,1.11,175.5,,,,,
2024-12-16,26.89,56.89,10.55,23.97,34.52,12.47,12.26,0.87,19.17,,,,,,,,,1.24,215.17,,,,,
2024-12-17,31.14,65.88,10.41,23.86,34.26,12.14,12.79,0.64,25.94,,,,,,,,,1.61,293.79,,,,,
2024-12-18,25.23,53.39,10.33,23.91,34.24,12.15,12.5,0.57,11.88,,,,,,,,,1.14,314.17,,,,,
2024-12-19,20.71,43.82,10.58,23.96,34.55,12.64,12.9,0.95,11.59,,,,,,,,,0.98,305.05,,,,,
2024-12-20,15.46,32.72,10.5,23.87,34.37,12.41,12.23,1.22,14.87,,,,,,,,,0.93,268.73,,,,,
2024-12-21,16.06,33.97,10.68,23.99,34.67,12.82,,1.38,14.56,,,,,,,,,0.97,192.22,,,,,
2024-12-22,12.62,26.69,10.98,24.13,35.11,13.48,,1.31,12.72,,,,,,,,,1.05,199.97,,,,,
2024-12-23,15.0,31.74,10.55,24.04,27.89,12.68,,1.01,16.48,,,,,,,,,1.43,246.92,,,,,
2024-12-24,11.73,24.81,9.29,21.84,31.13,27.31,12.22,0.33,19.25,,,,,,,,,1.36,306.36,,,,,
2024-12-25,15.64,33.1,6.71,16.17,22.88,67.13,12.29,0.74,13.02,,,,,,,,,1.26,330.48,,,,,
2024-12-26,13.99,29.6,6.69,15.82,22.51,67.13,12.34,0.79,12.69,,,,,,,,,0.83,99.65,,,,,
2024-12-27,13.84,29.28,7.45,16.13,23.59,67.85,12.23,0.56,12.7,,,,,,,,,1.01,62.09,,,,,
2024-12-28,18.13,38.35,7.26,16.03,23.31,67.74,12.21,0.5,13.83,,,,,,,,,0.9,98.77,,,,,
2024-12-29,20.44,43.24,7.39,15.8,23.19,67.87,12.38,0.57,15.68,,,,,,,,,1.37,197.25,,,,,
2024-12-30,21.2,44.86,,,,,12.44,0.62,12.29,,,,,,,,,1.24,179.05,,,,,
2024-12-31,24.32,51.45,,,,,12.54,0.5,13.74,,,,,,,,,1.24,165.1,,,,,
